{"cameraMode":{"drawMode":0,"name":"Shaded","section":"Shading Mode"},"sceneLighting":true,"audioPlay":false,"sceneViewState":{"showFog":true,"showMaterialUpdate":false,"showSkybox":true,"showFlares":true,"showImageEffects":true,"showParticleSystems":true,"showVisualEffectGraphs":true,"m_FxEnabled":true},"in2DMode":false,"pivot":{"x":0.157728910446167,"y":1.6098370552062989,"z":3.2129762172698976},"rotation":{"x":-0.23175403475761414,"y":-0.030934734269976617,"z":0.007371288258582354,"w":-0.9722612500190735},"size":3.93634295463562,"orthographic":false}