{"cameraMode":{"drawMode":0,"name":"Shaded","section":"Shading Mode"},"sceneLighting":true,"audioPlay":false,"sceneViewState":{"showFog":true,"showMaterialUpdate":false,"showSkybox":true,"showFlares":true,"showImageEffects":true,"showParticleSystems":true,"showVisualEffectGraphs":true,"m_FxEnabled":true},"in2DMode":false,"pivot":{"x":3.172760486602783,"y":2.1861839294433595,"z":3.9812328815460207},"rotation":{"x":-0.019171487540006639,"y":0.9463446736335754,"z":-0.05714273452758789,"w":-0.3174983263015747},"size":0.6629419326782227,"orthographic":false}