{"cameraMode":{"drawMode":0,"name":"Shaded","section":"Shading Mode"},"sceneLighting":false,"audioPlay":false,"sceneViewState":{"showFog":true,"showMaterialUpdate":false,"showSkybox":false,"showFlares":true,"showImageEffects":true,"showParticleSystems":true,"showVisualEffectGraphs":true,"m_FxEnabled":true},"in2DMode":false,"pivot":{"x":13.798531532287598,"y":0.563957929611206,"z":2.7434780597686769},"rotation":{"x":-0.19816720485687257,"y":-0.011162115260958672,"z":0.002256709849461913,"w":-0.9801077246665955},"size":3.4405956268310549,"orthographic":false}