{"cameraMode":{"drawMode":0,"name":"Shaded","section":"Shading Mode"},"sceneLighting":false,"audioPlay":false,"sceneViewState":{"showFog":true,"showMaterialUpdate":false,"showSkybox":false,"showFlares":true,"showImageEffects":true,"showParticleSystems":true,"showVisualEffectGraphs":true,"m_FxEnabled":true},"in2DMode":false,"pivot":{"x":-0.44455528259277346,"y":3.5663042068481447,"z":17.020000457763673},"rotation":{"x":0.08834826201200485,"y":0.7646989822387695,"z":-0.10737301409244538,"w":0.6292077302932739},"size":14.855511665344239,"orthographic":false}