{"cameraMode":{"drawMode":0,"name":"Shaded","section":"Shading Mode"},"sceneLighting":false,"audioPlay":false,"sceneViewState":{"showFog":true,"showMaterialUpdate":false,"showSkybox":false,"showFlares":true,"showImageEffects":true,"showParticleSystems":true,"showVisualEffectGraphs":true,"m_FxEnabled":true},"in2DMode":false,"pivot":{"x":3.9578018188476564,"y":0.2559673488140106,"z":8.427433013916016},"rotation":{"x":0.1119423657655716,"y":-0.07505235075950623,"z":0.008479287847876549,"w":0.9908422231674194},"size":14.855511665344239,"orthographic":false}