{"cameraMode":{"drawMode":0,"name":"Shaded","section":"Shading Mode"},"sceneLighting":false,"audioPlay":false,"sceneViewState":{"showFog":true,"showMaterialUpdate":false,"showSkybox":false,"showFlares":true,"showImageEffects":true,"showParticleSystems":true,"showVisualEffectGraphs":true,"m_FxEnabled":true},"in2DMode":false,"pivot":{"x":-12.987693786621094,"y":0.40000009536743166,"z":11.726734161376954},"rotation":{"x":0.16142231225967408,"y":-0.2861981987953186,"z":0.048980776220560077,"w":0.9432064294815064},"size":3.4405956268310549,"orthographic":false}