{"cameraMode":{"drawMode":0,"name":"Shaded","section":"Shading Mode"},"sceneLighting":false,"audioPlay":false,"sceneViewState":{"showFog":true,"showMaterialUpdate":false,"showSkybox":false,"showFlares":true,"showImageEffects":true,"showParticleSystems":true,"showVisualEffectGraphs":true,"m_FxEnabled":true},"in2DMode":false,"pivot":{"x":2.6462597846984865,"y":15.677331924438477,"z":-4.1190714836120609},"rotation":{"x":0.4655964970588684,"y":-0.07075124233961106,"z":0.03737444803118706,"w":0.8813743591308594},"size":3.4232544898986818,"orthographic":false}