{"cameraMode":{"drawMode":0,"name":"Shaded","section":"Shading Mode"},"sceneLighting":false,"audioPlay":false,"sceneViewState":{"showFog":true,"showMaterialUpdate":false,"showSkybox":false,"showFlares":true,"showImageEffects":true,"showParticleSystems":true,"showVisualEffectGraphs":true,"m_FxEnabled":true},"in2DMode":false,"pivot":{"x":-0.00646662712097168,"y":1.4926743507385255,"z":12.681374549865723},"rotation":{"x":0.0008194032125174999,"y":0.9832957983016968,"z":-0.18197868764400483,"w":0.004434201400727034},"size":3.4293532371520998,"orthographic":false}