{"cameraMode":{"drawMode":0,"name":"Shaded","section":"Shading Mode"},"sceneLighting":false,"audioPlay":false,"sceneViewState":{"showFog":true,"showMaterialUpdate":false,"showSkybox":false,"showFlares":true,"showImageEffects":true,"showParticleSystems":true,"showVisualEffectGraphs":true,"m_FxEnabled":true},"in2DMode":false,"pivot":{"x":-0.07886433601379395,"y":0.8049187064170837,"z":0.003512144088745117},"rotation":{"x":-0.00893630925565958,"y":0.9905567169189453,"z":-0.11190826445817948,"w":-0.07890703529119492},"size":1.9681724309921265,"orthographic":false}